title,label
Marketing Intern,0
Customer Service - Cloud Video Production,0
Commissioning Machinery Assistant (CMA),0
Account Executive - Washington DC,0
Bill Review Manager,0
Accounting Clerk,0
Head of Content (m/f),0
Lead Guest Service Specialist   ,0
HP BSM SME,0
Customer Service Associate - Part Time ,0
"ASP.net Developer Job opportunity at United States,New Jersey",0
Talent Sourcer (6 months fixed-term contract),0
"Applications Developer, Digital ",0
Installers,0
Account Executive - Sydney,0
VP of Sales - Vault Dragon,0
Hands-On QA Leader ,0
Southend-on-Sea Traineeships Under NAS 16-18 Year Olds Only,0
Visual Designer,0
Process Controls Engineer - DCS PLC MS Office - PA,0
Marketing Assistant,0
Front End Developer   ,0
Engagement Manager ,0
"Vice President, Sales and Sponsorship (Businessfriend.com)",0
Customer Service ,0
H1B SPONSOR FOR L1/L2/OPT,0
Marketing Exec,0
HAAD/DHA Licensed Doctors Opening in UAE,0
Talent Management Process Manager,0
Customer Service Associate ,0
Customer Service Technical Specialist ,0
Software Applications Specialist,0
Craftsman Associate,0
Completion Engineer,0
I Want To Work At Karmarama,0
English Teacher Abroad ,0
Graduates: English Teacher Abroad ,0
PROJECT MANAGER,0
Art Director,0
Receptionist/Customer Service Technical Specialist ,0
English Teacher Abroad ,0
English Teacher Abroad ,0
Jr. Developer,0
Customer Service Associate Receptionist ,0
Customer Service Team Lead ,0
Inside Sales Professional-Omaha,0
Entry Level ,0
Customer Service Associate ,0
English Teacher Abroad ,0
Customer Service Team Lead,0
"Food Production Manager @ PGI, a Food Production Company",0
Administrative/Front Desk ,0
Payroll Tax Specialist,0
Technical Project Manager,0
Outside Sales Professional-St. Cloud,0
Junior HR Marketing Manager,0
Outside Sales Professional-Oronoco,0
Intensive Case Management Worker (Bilingual Essential),0
Marketing Guru,0
Product Visual Designer,0
Graduates: English Teacher Abroad (Conversational),0
Bulk Ingredient Unloader,0
English Teacher Abroad,0
Customer Services Associate - Mail and Document Preparation ,0
SENIOR FINANCE SOFTWARE RESEARCHER AND ENGINEER,0
Digital Developer,0
AS3 / Flash Developer,0
Production Supervisor,0
New Product Development Project Leader,0
Ruby Automation Engineer & Ruby on Rails Engineer - 2 roles,0
Tasting Adventures Presenter,0
Branch Associate,0
Customer Service Associate - Part Time ,0
Specialist Obs/Gyn,0
Call Attendant - Part Time ,0
Senior Full-Stack Engineer - Ruby on Rails (Technical Lead),0
Medical Coder,0
Mid-Senior .NET or Xamarin Developer,0
200K + MANAGEMENT POSITION FOR EXPERIENCED MERCHANT CASH ADVANCE REPS,0
Product Manager,0
English Teacher Abroad ,0
Customer Service Technical Specialist ,0
Edinburgh Fragrance and Beauty Promotional Staff,0
Mail Processing Associate - General Clerk 1 ,0
Customer Service Associate,0
Research Associate,0
Customer Service Team Lead,0
Customer Service Associate - On Call ,0
Sales and Partnerships Intern,0
English Teacher Abroad ,0
Marketing Manager,0
Recruitment Consultant,0
WAH Customer Service Repersentative,0
Administrative Assistant ,0
WF17 9LU Customer Service Apprenticeship under NAS 16-18 year olds only!,0
Senior Marketing Manager,0
Software Test Engineer [QA]: Cucumber / LAMP / Automation / Jenkins  / Web Testing / Financial Startup,0
Customer Service Associate ,0
IC&E Technician,1
English Teacher Abroad,0
CAD Operator,0
English Teacher Abroad ,0
Marketing Administrator,0
Customer Service Associate - Part Time,0
Shipping Clerk,0
Manager of Support Services,0
Gatwick Customer Service Apprenticeship 16-18 Year Olds Only,0
Senior Developer at a Startup Investment Studio ,0
Software Project Manager,0
Director of Client Engagement ,0
Customer Services Associate - Data Entry ,0
Customer Service Associate - Part Time,0
Customer Service Associate - Part Time ,0
Operations Manager,0
Regional Sales Director - West,0
Birmingham Business Admin Apprenticeship Under NAS 16-18 Year Olds Only,0
Executive Assistant,0
Materials Manager,0
"Member of Technical Staff, Backend",0
English Teacher Abroad ,0
Executive Administrative Assistant ,0
Smart-Meter Expert,0
English Teacher Abroad ,0
English Teacher Abroad ,0
Customer Service Associate - Part Time ,0
Marketing Associate,0
Game & Feature Specialist,0
Pharmaceutical / Compound Sales Representative- Georgia,0
Precision Ag Intern Spring 2015 $2000 Per Month,0
Customer Service Associate ,0
Customer Service Associate - Call Attendant ,0
Milton Keynes Fragrance and Beauty Promotional Staff,0
Senior Java Developer,0
English Teacher Abroad ,0
Senior Business Development Manager,0
English Teacher Abroad,0
Customer Service Associate ,0
Head of Marketing (option CMO),0
Customer Service Technical Specialist- Reprographics Specialist ,0
Customer Service Associate,0
English Teacher Abroad ,0
Customer Service Associate ,0
BI Developer,0
English Teacher Abroad (Conversational),0
Forward Cap.,1
.NET Web Developer,0
Customer Service Associate ,0
CNC Programmer,0
UI/UX developer at StartTech Ventures,0
Account Executive - Philadelphia,0
Web Developer,0
English Teacher Abroad ,0
Digital Sales Manager - High End Decor,0
Senior Project Manager,0
Production Operator $16.50/hr,0
Customer Service Professional - Property Management Industry Exp.,0
Choose Your Own Adventure,0
English Teacher Abroad ,0
Customer Support Professional ,0
General Laborers,0
Field Services Supervisor,0
VP of Engineering ,0
Account Manager (Fashion),0
Customer Service Associate - Data Entry ,0
Marketing Executive ,0
Sales and Marketing Intern,0
Exports Area Manager,0
Entry Level Sales,0
Marketing Sales Assistant,0
Customer Service Team Lead ,0
Micro-grid Systems Engineer,0
System Administrator,0
Registrar's in Psychiatry,0
Technician Instrument & Controls ,1
Newcastle Fragrance and Beauty Promotional Staff ,0
Customer Service Associate - Part Time ,0
English Teacher Abroad ,0
Underwriter,0
Director of Strategic Planning,0
Internal Recruiter,0
Sales Executive,1
English Teacher Abroad,0
Facilities Engineer,0
"Manager of Patient Care-Women/Families/Baby (Near Oshkosh, WI)",0
Growth Wunderkind (paid internship),0
Reading Fragrance/Beauty Promotional Staff,0
Receptionist ,0
Medical Scribe (Testing),0
English Teacher Abroad ,0
English Teacher Abroad ,0
Entry Level Sales,0
Technical Co-Founder,0
"Manager, Network Engineering ",0
Sales and Operations Associate,0
Marketing Manager,0
Senior Rails Developer,0
English Teacher Abroad ,0
Software developer,0
Junior Funding Specialist (Sales),0
Outside Sales Professional,0
Media Planner,0
JAVA Solution Architect ,0
English Teacher Abroad,0
Front End Developer,0
Junior Python Developer,0
RMA Coordinator,0
Baby Care Advisor,0
Data Entry Clerk II ,0
English Teacher Abroad,0
Customer Service Associate ,0
Customer Service Associate - Part Time,0
Engagement Executive,0
Customer Service Associate  ,0
Customer Service Associate ,0
Recruiter/Recruiting Assistant ,0
IC&E Technician Mt Poso,1
English Teacher Abroad ,0
Head of Client Services,0
Junior Systems Administrator,0
Corporate Sales Director,0
Service Delivery Manager 2 ,0
DN4 Apprentice Admin Assistant Under NAS 16-18 Year Olds Only,0
Lead Creative Developer,0
English Teacher Abroad ,0
Customer Service Technical Specialist ,0
Settlements Analyst,0
English Teacher Abroad ,0
Telesales ,0
Branch Associate,0
Service Desk (Help Desk/ Desktop Support) Tier 1/2 - Healthcare IT,0
Customer Service Associate ,0
English Teacher Abroad ,0
Business Admin Apprenticeship Under NAS 16-18 Year Olds Only,0
Web Support Specialist,0
Postgraduate Certificate in Social Innovation Management Kenya - March 2015,0
WF5 9HF Recruitment Apprenticeship Available Under NAS 16-24 year olds only!,0
SharePoint Developer and Administrator,0
English Teacher Abroad ,0
Nanny,0
"Production Supervisor - Chemical Manufacturing Exp - St. Louis, MO",0
Customer Service Associate ,0
Investor Sales Analyst,0
Area Vehicle Purchaser,0
English Teacher Overseas,0
Senior Industrial Hygiene Project Manager,0
Junior Funding Specialist (Sales),0
English Teacher Abroad ,0
Head of Communications,0
Head of Investor Development,0
IT Engineer,0
Helpdesk Specialist,0
Senior Product Manager ,0
Food Quality,0
Graduates: English Teacher Abroad ,0
CNC Programmer,0
Risk Analyst,0
Content Marketer,0
 Executive Assistant / Office Manager,0
Driver II ,0
Product Strategist,0
Chelmsford Customer Service Apprenticeship Under NAS 16-18 Year Olds Only,0
Data Entry/Customer Service Rep,0
Senior Loan Originator,0
WF4 4DS Customer Service Apprenticeship Under NAS 16-18 Year Olds Only,0
Senior Programme Analyst,0
Office Manager/Executive Assistant,0
Assistant Retail Manager -- Must LOVE Dogs,0
Customer Service Associate ,0
Front-end Developer,0
English Teacher Abroad ,0
Security Researcher,0
Job Fair - Multiple Oil & Gas Jobs!,0
Regional Field Sales Representative,0
English Teacher Abroad ,0
Certification & HALT testing Manager,0
"Software Engineer, iOS and Android",0
Account Executive ,0
Automated Test Analyst,0
Graduates: English Teacher Abroad ,0
Account Manager - New York City,0
English Teacher Abroad ,0
"Director, PMO",0
"Full-Time Caregiver (Position B) for Easygoing, Caring Woman ",0
Account Manager ,0
English Teacher Abroad ,0
Jr Account Executive,0
Manchester Apprentice Office Administrator Under NAS 16-18 Year Olds Only,0
Product Designer,0
Outside Sales Professional,0
"Intern with Google, Microsoft, Facebook and more! at Studyhall.com",0
Data Scientist,0
Financial Accountant,0
English Teacher Abroad,0
Contact Center Representatives,0
Technical Lead / Architect,0
Digital Illustrator,0
Battery Expert,0
Mobile Applications Developer,0
Sales Representative with Management Training - DirecTV,0
Customer Service Associate - Part Time ,0
Receptionist,0
Employee at RhodeCode (Berlin),0
 RNs Needed ASAP - ER & ICU - APPLY NOW!! ,0
Electrical Project Engineer,0
Litigation Support Analyst ,0
English Teacher Abroad ,0
Customer Service Team Lead ,0
Product Manager Mobile Apps (m/w),0
".NET Developer, Hong Kong",0
English Teacher Abroad ,0
"Production Manager - Video Production, London",0
Customer Service Associate - Part Time ,0
"Sales Manager, Hong Kong",0
English Teacher Abroad ,0
International Recruitment Manager,0
Project Manager ,0
Head of Sales (India) ,0
Account Manager,0
Implementation Executive - Digital,0
Engineering Graduate Trainee @ Upstream,0
BI / Analytics Lead,0
General Manager | Managing Partner,0
Quality Assurance Tester,0
Partnership Manager - High Growth Specialty Finance Company,0
Strategy Planning Supervisor with Direct Response,0
Head of Quality Assurance,0
English Teacher Abroad ,0
Senior Frontend Developer,0
English Teacher Abroad ,0
Digital and Social Marketing Specialist,0
Graduates: English Teacher Abroad ,0
Application Security Consultant,0
TwiML Application Developer - Freelance (Contract),0
Senior Customer Care Advisor,0
IT Consultant/Engineer Position Available,0
Product Marketing Manager/Director,0
Sales Trainee,0
Customer Service Associate ,0
Graduates: English Teacher Abroad (Conversational),0
Principal Security Consultant / Penetration Tester,0
Account Manager -Xbox,0
GPS/GNSS signal processing,0
Farmer Experience Manager,0
Quality Assurance (QA) Engineer,0
Graduates: English Teacher Abroad ,0
Kindergarten Teacher,0
Retail Territory Merchandiser,0
English Teacher Abroad ,0
Community Ambassador German-speaking (Remote),0
Embedded Systems / Telematics Security Consultant,0
Global Sourcing Buyer,0
Digital Product Designer,0
Retail Sports Betting Specialist Pame Stoixima,0
Software Engineer (2015 Intern),0
Php web developer,0
Teacher - Seasonal,0
Customer Service Team Lead ,0
Financing Auto(car) sales,1
Service Delivery Associate - On Call ,0
Part Time Quickbooks Bookkeeper,0
Freelance writer,0
Junior System Test Analyst,0
Benefits Consultant - Warrington,0
Director of Marketing - DocDoc,0
Intern,0
English Teacher Abroad ,0
Sales Director,0
Southport Business Admin Apprenticeship Under NAS 16-18 Year Olds Only,0
Jr. Quality Assurance Engineer,0
Project Coordinator,0
Assistant Softball Coach,0
Marketing Director,0
2015 MBA Internship - Advisory & Consulting,0
Collector III-Mortgage Servicing,0
Construction Project Manager ,0
Customer Service Technical Specialist ,0
Data Manager--Fixed Income,0
Graphic / Web Designer,0
Web Developer - PHP,0
Back End Engineer - Platform Team,0
Ext JS Developer,0
Junior Front End Developer - Javascript,0
Big Data Search Developer,0
Catch all for candidates,0
Regional Inside Sales Representative,0
IT Rockstar Wanted for Fun and Fast Growing San Diego IT Company,0
English Teacher Abroad ,0
Quality Assurance Engineer,0
Full-stack JavaScript Software Developer,0
Hiring for Senior MIS and Data Research Executive,0
Creative Strategist,0
Customer Service Associate,0
PASSIONATE EXPERIENCED PCP's NEEDED TODAY! WE PAY MORE FOR THE VERY BEST IN THE INDUSTRY!,0
Receptionist - Part Time ,0
"Director, Analytics",0
Systems Analyst ,0
IT System Engineer,0
UI Engineer ,0
VP of Product,0
Senior Scala Engineer,0
Chief Marketing Officer,0
PathSource Marketing Associate,0
Inside Sales Professional-Omaha,0
Sales Assistant,0
English Teacher Abroad (Conversational),0
Database Engineering Manager,0
Paid Internship for Africa Program,0
"Front End Web Developer - HTML5, CSS3, JavaScript, Bootstrap",0
Customer Service Team Lead ,0
Producer - Specialist Publications,0
Systems engineer / network administrator,0
Art Director,0
Linux System Administrator,0
B2 4RN Business Admin Apprenticeship Under NAS 16-18 Year Olds Only,0
Print Production Associate - On Call ,0
Graduates: English Teacher Abroad (Conversational),0
ODI/ETL Developer ,0
PM with BA/Developer experience in SmartStream TLM Technologies,0
Customer Service Technical Specialist ,0
Director of Audience Development,0
Receptionist - Part Time ,0
English Teacher Abroad ,0
Senior Frontend Developer,0
Agent-Inbound Sales Position,0
Product Lead,0
Estimator,0
HFM Techno Functional Lead,0
Manchester Doctors' Business Admin Apprentice Under NAS 16-18 Year Olds Only,0
Nightlife Editor,0
Accounting Assistant,0
Sr. Accountant,0
Technical Lead,0
Android Developer ,0
Scrum Master/Project Management,0
Sr. ServiceNow Implementers,0
cashier,0
English Teacher Abroad ,0
English Teacher Abroad ,0
Telemarketing professional,0
Sales Manager,0
Ruby developer,0
Account Manager/CSR -insurance agency,0
Process Engineer,0
Customer Service Manager (Part-time),0
English Teacher Abroad ,0
Customer Service Associate - Part Time ,0
Technical Writer,0
Customer Service Team Lead ,0
Seamstress,0
Office Management,0
Application Developer - .NET/Java,0
Software Developer,0
Marketing Management Intern,0
Senior Software Engineer - Mobile,0
Customer Service Associate - On Call ,0
Customer Service Associate - Part Time ,0
Customer Service Agent,0
Community and Social Manager,0
Sales Consultants,0
Sales Manager - Poland ,0
Middle School Spanish Teacher,0
UI Designer,0
English Teacher Abroad ,0
Finance,0
Global User Acquisition Marketing Manager,0
Interface Engineer - Platform Team,0
Customer Service Associate - Part Time ,0
Senior C# Developer,0
Junior Software Engineer,0
User Acquisition Manager,0
Customer Service Technical Specialist ,0
Geologist ,0
Account Manager,0
English Teacher Abroad,0
Dental Cast Partial Lab Tech and/or Dept Manager,0
Assistant to Head of Music,0
Electrician,0
Customer Service Technical Specialist ,0
Interviewing Now for Sales Rep Positions -- with Management Training,0
Customer Service Associate ,0
Senior Visual Interaction Designer / Art Director,0
High School Mathematics Teacher,0
Lead Marketing Tech,0
Senior Frontend Developers,0
Experienced Telemarketer Wanted - Digital Solutions ,0
Front End Web Developer ,0
Content Editor Assistant,0
Customer Service Associate - Part Time,0
"Sr. Manager Plant Controller - Tyler, TX ",0
BD23 Customer Service Apprenticeship Under NAS 16-24 Year Olds Only,0
Customer Service Representative,0
Web U.I./U.X. Designer,0
Engagement Manager (South Africa),0
Admin Assistant/ Receptionist ,1
Maintenance Technician,0
Customer Service Associate - Part Time,0
Customer Service Associate ,0
Airframe Structures Design Engineer,0
Service Delivery Manager 1 ,0
Senior C# Developer,0
Full Stack Business Development Manager,0
Outside Sales Professional-Macomb,0
Digital Advertising SalesAccount Executive,0
English Teacher Abroad,0
Financial Controller,0
Graphic Design Intern,0
Assistant Property Manager,0
Customer Service Associate - On Call ,0
English Teacher Abroad,0
Customer Service Associate ,0
Financial Advisor,0
Inside Sales Professional,0
English Teacher Abroad ,0
Referants / Source ONLY,0
Sheffield Fragrance and Beauty Promotional Staff,0
Visual Designer,0
Brand Partner,0
Web UI Engineer,0
Dairy & Farming Consultant,0
Reading Fragrance and Beauty Promotional Staff,0
Product Manager - NZ,0
Graduates: English Teacher Abroad ,0
Software Engineer,0
Regnskabsassistent,0
Senior Java engineer,0
Sr. Ruby,0
Wakefield Trainee Marketing Consultant Apprenticeship Under NAS 16-18 Year Olds Only,0
Senior Client Service Manager,0
Receptionist ,0
Junior Forecaster,0
UX designer,0
Lead Social Media,0
Insights & Strategy Traineeship (3-6 months),0
Partner Manager,0
English Teacher Abroad ,0
Office Manager,0
Part-Time Administrative/Data Entry I,0
Technology Consultant - Outside Sales  ,1
Freelance Writers Wanted!,0
Web Designer,0
Advertising Sales/Account Executive,0
Shipper (Kent),0
Key Account Manager,0
Front Desk/Security,0
Field Technician/Technician Assistant,0
Graduates: English Teacher Abroad (Conversational),0
Delivery Driver ,0
Software Engineer - Infrastructure Systems,0
Vice President,0
Programmer/ Analyst,0
Android Tech Lead,0
English Teacher Abroad ,0
Customer Service Records Associate,0
Misc Applications,0
Manager - Life Sciences Consulting,0
Graduates: English Teacher Abroad (Conversational),0
Asistente Administrativa,0
Employee Internal Referrals ,0
Client Relationship Managers,0
Key Account Manager,0
Project Engineer,0
Customer Service Associate - On Call ,0
Production Intern,0
Product Manager ,0
Wordpress Designer and Expert for Startup | StudyHall.com,0
Customer Service Associate ,0
Web Application Developer (Front-end),0
Technical Site Representative ,0
English Teacher Abroad,0
English Teacher Abroad ,0
EMTs (Lift Coaches) Marin,0
Data Architect - Cloud and Scalability,0
Part-Time Apartment Maintenance & Community Manager,0
Senior Engineering Product Manager,1
Lead PHP Developer,0
Graduates: English Teacher Abroad (Conversational),0
English Teacher Abroad ,0
Call Center Representative - Bilingual,0
Kenya Business Director,0
NARRATIVE: Copywriter,0
Customer Service Associate ,0
Mobile and Web Developers,0
Customer Service Associate - Part Time ,0
iOS Engineer,0
Quality Improvement Manager ,1
"Clinical Optometrists, Leicester & Nuneaton",0
Customer Service Agent for Real Estate Startup,0
English Teacher Abroad ,0
Associate Director,0
DAS Engineer,0
Sr. Software Engineer,0
Client Care Advocate,0
English Teacher Abroad ,0
English Teacher Abroad ,0
Sales Manager Germany,0
UI/UX Designer,0
English Teacher Abroad ,0
Care Assistant,0
Customer Service Associate - Part Time ,0
Software Engineer - Data,0
Office Administrator,0
Customer Service Associate ,0
Customer Service Associate,0
Lead Mechanical Engineer,1
Customer Service Team Lead,0
Field Technician,0
Director of Strategy,1
Account Manager,0
Director of Hardware,0
Care Worker jobs Basingstoke - lots of hours,0
Completion Engineer,0
WF15 6JF Apprentice Office Administrator Under NAS 16-24 Year Olds Only,0
Packing Expert - NYC,0
Senior Software Engineer - OpenStack,0
Estimator,0
Telesales Advisor,0
Customer Service Associate ,0
WF13 Apprentice Operations Assistant Under NAS 16-18 Year Olds Only,0
Sales & Support role in tech firm,0
Outside Sales Professional-Windsor,0
Regional Inside Sales Representative,0
"Technical Recruiter San Francisco, CA",0
English Teacher Abroad ,0
Customer Service Technical Specialist ,0
Assistant Training and Quality Development Faciliator,0
Entry Level Sales,0
Functional Analyst,0
PHP Developer,0
UST Testing Technician II ,1
Lead Network Engineer,0
Fraud Executive,0
Early Years Practitioner - full or part time,0
Senior Territory Manager,0
HelpDesk Associate,0
THIS YEAR: Art Teacher (Part Time),0
Ad Operations Assistant,0
Texas Spanish Bilingual Communication Assistant,0
Data Conversion Analyst,0
Sr. Front End Developer,0
eCommerce Marketing Manager,0
Application Developer,0
Production Assistant ,0
iOS Developer,0
Sales Manager,0
"Commercial Banking Relationship Manager-Rockford, IL",0
Senior .NET Developer,0
Digital Marketing Manager,0
Developer Community Evangelist,0
People Operations Coordinator,0
English Teacher Abroad ,0
Pharmaceutical / Compound Sales Representative- Ohio,0
Part-Time Sales Advisor - Beauty London,0
Graduates: English Teacher Abroad (Conversational),0
Customer Service Technical Specialist ,0
Platform Software Engineer,0
Caregiver- Sawyer,0
Editor - Cycling,0
Outside Sales Professional-Fargo,0
PL15 Business Admin Apprenticeship Under NAS 16-18 Year Olds Only,0
Senior SharePoint Architect ,0
Substation Technical Specialist,0
Director of Strategy,1
Senior Digital Designer ,0
CDL Driver-Grand Rapids,0
Director of Patient Care Services,0
Customer Service Technical Specialist,0
SQL Server Business Intelligence,0
Beauty & Fragrance consultants needed,0
Outside Sales Professional-West Chicago,0
"Account Executive - San Antonio, TX",0
"Bank CFO & Controller-Madison, WI",0
English Teacher Abroad ,0
Project Manager,0
Corporate Marketing Coordinator,0
Customer Service Associate ,0
Admin Assistant,0
Product Manager ,0
  ServiceNow Consultant ,0
Telesales,0
Customer Service Associate (Part-Time),0
Front-end web developer (CSS/HTML) ,0
Web Developer,0
Android Engineer,0
Regional Manager,0
Javascript Engineer,0
Customer Service Associate (On Call) ,0
Employee for incoming department,0
Partner Account Manager,0
"Consultant, Strategic Services",0
English Teacher Abroad ,0
Content Marketer,0
iOS Developer - CloudSpotter Technologies,0
English Teacher Abroad ,0
Web Engineer (Business Process System),0
System Administrator,0
All round web design superstar for cutting edge non-profit websites,0
English Teacher Abroad ,0
English Teacher Abroad ,0
Inside Sales Professional-Addison,0
TELESALES Agents,0
Working Student Marketing,0
English Teacher Abroad ,0
English Teacher Abroad ,0
JAVA developer ,0
Ethylene Instrument Engineer - Plant Instrumentation Maintenance - TX,0
"Personal Assistant (Position 2) for Friendly, Laidback Older Man",0
English Teacher Abroad ,0
BDC Agent,0
Customer Service Associate - Part Time,0
"HIGH PERFORMANCE COMPUTING SOLUTIONS ENGINEER - Houston, TX",0
Director of Product Development / Engineering,0
Product Designer,0
English Teacher Abroad,0
Java Developer,0
Senior Account Executive ,0
Manufacturing Operations Team Lead,0
"Operations Manager, Mexico City",0
UX Designer,0
"Director, Clinical Informatics",0
Sr Full Stack Developer,0
Technology Services Manager,0
Financial Advisor,0
Process Improvement Project Engineering Manager,0
Head of Marketing,0
200K + MANAGEMENT POSITION FOR EXPERIENCED MERCHANT CASH ADVANCE REPS,0
Director of User Acquisition,0
"Account Executive - Redlands, CA",0
Outside Sales Professional-Hartland,0
Operations & Logistics Manager - NYC,0
Healthcare Support Rep,0
ScrumMaster,0
"Construction Loan Administrator-NW Chicago, IL Suburbs",0
Customer Service Associate ,0
Corporate Travel Counselor - South East Region,0
Online Director,0
Customer Service Associate - Part Time,0
CDL Driver-Coal Valley,0
Customer Service Technical Specialist ,0
Human Resources (HR) Manager,0
English Teacher Abroad ,0
Health + Safety Professional,1
Senior Engineer (Dev ops),0
English Teacher Abroad ,0
Software Engineer (Automation),0
Event Staff - Live In-Stores Infomercial ,0
Worship Experience Pastor,0
Service Delivery Manager 2 ,0
English Teacher Abroad ,0
Mirfield Warehousing Apprenticeship Under NAS 16-18 Year Olds Only ,0
"Account Director, Affiliate Network ",0
QA/Systems Automation Engineer,0
Firmware Engineer - Boston,0
Home Manager,0
Data Analyst,0
Assistant Technical Product Manager,0
English Teacher Abroad ,0
Player Insight Analyst,0
Accounts Payable Manager,0
Driver - Medium Duty (Phoenix),0
Digital Sales Geek ,0
Demand Generation Marketing Manager ,0
Interface Developer (Freelance),0
Sr. Accountant,0
"Work Outside with Dogs - Hiker/ Daycare Handler, Seasonal/ Permanent",0
Account Manager,0
Marketing Representative,0
"Life Insurance Agent - Dallas, TX",0
Software Developer ,0
IT Support Administrator,0
Injection Molding Supervisor,0
Inside Sales Consultant B2B software company,0
"Home Health Aide--Cortez, CO",0
iOS Developer,0
Lead Developer,0
Senior .NET Developer,0
Claims representatives ,0
Construction Management - West/Northwest Chicagoland,0
CNC Programmer,0
GREAT Bookkeeper Position Available,0
Co-Superstar (Asst. Store Manager) - Oakbrook Center,0
Web Developer,0
Advertising Sales Director,0
Chauffeur and Personal Concierge,0
Front-End Web Developer,0
Service Delivery Manager 2 ,0
Data Entry Clerk II ,0
Mobile Ad Operations Manager,0
Retirement Plan Account Manager - Charlotte,0
Super Marketing Specialist,0
Web Analytics Specialist ,0
"Dance Instructor-Tumbling, Cheer/Pom",0
Ex. House Keeping  (Alexandria - Egypt),0
Senior .NET Web Developer,0
"Junior Account Executive - Redlands, CA",0
Product Manager Assistant,0
Customer Service Associate ,0
Window Fitters ,0
PeopleSoft Campus Solutions Analyst-Financial Aid,0
Want the best internship in the world? | StudyHall.com,0
"HVAC Installers - $1,000 Bonus Available",0
Wakefield Apprentice Business Planner Under NAS 16-18 Year Olds Only,0
Service Solutions Analyst ,0
QA Engineer,0
English Teacher Abroad ,0
Street Team,0
Data Software Engineer,0
Product Specialist - Night Shift,0
Flooring Technicians,0
Environmental Scientist,0
English Teacher Abroad ,0
MicroStrategy BI Consultant,0
English Teacher Abroad ,0
UST Testing Technician II ,1
English Teacher Abroad (Conversational),0
Project Manager: Engineer,1
Resume submitted to jobs@valorservices.com,0
Technician Instrument & Controls ,1
Graduates: English Teacher Abroad ,0
"Senior Regional Manager, WA",0
Business Analyst - CRM,0
Marketing Assistant,0
Sales Solutions Architect,0
Graduates: English Teacher Abroad ,0
PARTS DELIVERY DRIVER,0
Graduates: English Teacher Abroad ,0
Project Controls Technician,1
Lead Operator ,0
Strategic Finance Associate,0
Graduates: English Teacher Overseas,0
"EXPERIENCED COMMIS CHEF WANTED - GREAT PAY, BENEFITS & TEAM",0
Senior Open-Source Software Engineer,0
Retail Manager -- Must LOVE Dogs,0
Sales Professional,0
Backend Developer PHP/Symfony2,0
Junior WordPress Dev,0
Web Designer,0
Graduates: English Teacher Abroad ,0
Graduates: English Teacher Abroad ,0
DevOps Engineer,0
Customer Service Rep for DirecTV ,0
Search Engine Marketing Coordinator,0
VP of Social Media Marketing ,0
Associate Creative Director,0
Technical & Customer Support Associates,1
Marketing Assistant,0
Service Associate,1
Female - Admin Cum Front Office Executive,0
Recruiting Coordinator,0
SOFTWARE ENGINEER JAVA,0
Software Engineering Director,0
Online Marketing Assistant,0
Senior Systems Engineer - DevOps,0
Wealth Managers,0
Shuttle Bus Driver - Windsor ,0
Corporate Attorney,0
Automotive Account Manager,0
Graphic Designer,0
Sales Associate Germany,0
Direct Support Professional,0
Executive/Head Chef,1
Retail Territory Merchandiser,0
Finance and Strategy Associate,0
"DR, Linux, JBoss, Puppet or Chef -DevOps Engineer - DR Project ",0
"Python, Oracle, Teradata, Java (JEE), Linux - Senior Software Engineer (Python/ Java)",0
Hacker-in-Residence / Java Developer,0
Management Intern,0
Mobile App Sales Professional,0
Co-founder - well funded startup,0
Community Manager,0
Talent Pool ,0
Sales Director - E-Commerce,0
Jr. Creative Copywriter,0
Telecanvasser's Wanted Immediately,0
Graphic/web designer,0
Financial Analyst ,0
Pharmaceutical / Compound Sales Representative- Multiple States,0
Director of Account Management,0
User Success Analyst,0
The Symicor Group is Looking for Seasoned Banking Recruiters to Join Our Firm,0
DAS Field Technician,0
Ruby Engineer - Sustaining Engineer,0
Caregiver- Lawton/Decatur,0
Service Champion Full-time and Part-time,0
Full Stack Developer (.NET or equivalent + Javascript),0
Senior Software Engineer,0
Event Sales Manager,0
Python Developer at Growth Intelligence,0
Backend Engineer,0
Field Service Technician - Access Control/Security,0
Style Ambassador: Fashion & Retail Marketing (Bloggers Welcome),0
Technical Lead - iOS,0
Order Entry Ninja Full-time and Part-time,0
CDL Driver-Savage,0
BILINGUAL JAPANESE RISK MANAGEMENT OFFICER,0
Scandinavian Equity Data Analyst,0
Service/Sales Representatives for Inbound Call Center,0
Front-End Web Developer,0
Hiring for Senior Staff Engineer in Test (High Speed Signal test/DVT ),0
Senior Web / UI Designer,0
Driver - Light Duty (LA/OC),0
Business Operations Intern,0
Connectivity Engineer,0
Junior Web / UI Designer,0
Customer Sales Representative,0
Senior Java Spring Developer - looking for Top Talent,0
Web Developer,0
Lead UI / UX Designer,0
Lead Software Developer / CTO @ Investly,0
Payments Analyst,0
SAP CRM Developer with ERMS ,0
Rubymotion/iOS developer,0
Admin Assistant,0
Product designer,0
Organic & Analytical Chemist,0
Sales Team,0
City Operations Manager,0
Client Service Team member,0
Sales Director EU,0
Project Engineer,0
Senior Project Manager,0
Training and Quality Development Facilitator,0
Collections Supervisor,0
Sr. Design Engineer Mechanical - 3D CAD,0
Public Relations Specialist,0
Head of UX,0
VP Product,0
Software Engineering Intern,0
Sub-prime Automotive Finance Analyst/Underwriter,0
R&D Engineer,0
QA Engineer ,0
Office Assistant,0
Compliance Officer,0
Business Development Executive,0
Human Resources Manager,0
Talence Group llc Resume Submission,0
Junior System Administrator,0
Sales Account Executive,0
Health & Environmental Professional,1
Provisions eCommerce Intern,0
Account Manager Fashion & Beauty ,0
Oracle ETL ODI Consultant (Remote),0
Accountant,0
Account Manager,0
"Operations Manager, Asia",0
Senior Superintendent - Commerical/Light Industrial,0
Sr. Software Engineer,0
Software Engineer,0
Graduates: English Teacher Abroad ,0
Web Developer - Frontend,0
Apprentice Ruby Developer,0
Sales / Customer Service,0
iOS Developer,0
Ad Network Performance Manager (Japanese or Korean Speaker),0
PHP Developer,0
"Sr. Mechanical Engineer - Tyler, TX",0
Consultant Advanced Analytics,0
Senior Java/WEb Services Developer (Need local to CA),0
JavaScript / Node.js / DevOps Engineer,0
UI Developer,0
Senior Software Engineer ,0
Graphic Designer,0
ECOMMERCE LOGISTICS AND SUPPLY CHAIN MANAGERS,0
Web Designer,0
Accounts Payable Specialist,0
Digital Executive,0
English Teacher Abroad ,0
Technology Support Tech,0
IT Support,0
Java J2EE Software Engineer - Senior/Lead/Architect,0
Human Resources,0
QA Engineer,0
Internal Auditor,0
Web developer (full stack),0
iOS Developer (C++ focus),0
Head of Online Marketing (m/w) ,0
IT Portfolio Manager | Greater New York City Area,0
".Net, C#, ASP.Net, SOAP, RESTful,JSON-Corillian-Voyager Engineer",0
Physical Therapist,0
AdWords - Analytics Specialist,0
Content & Marketing Expert,0
"Designer, Mobile Web",0
Sales & Support role,0
Lead Community & Marketing Coordinator,0
CA10 Business Admin Apprenticeship Under NAS 16-18 Year Olds Only,0
Web Developer,0
Trafficker,0
Customer Support Receptionist / Agent,0
Vice President of Talent and Employee Experience ,0
Vehicle Purchaser,0
Client Services Director,0
Project manager,0
Backend Java Engineer ,0
UI Designer,0
Paid Training for Direct Sales Representative with Management Opportunity,0
 Account Executive/Digital Ad Sales,0
Data Analyst,0
Financial Analyst / Intermediate Accountant,0
EXECUTIVE SOUS CHEF,1
Bookeeper/Supply Manager,0
Project Manager: Software and Web Development,0
